{
    "log_loss": 0.6787505250560979,
    "f1_score": 0.5138849929873773
}