{
    "log_loss": 14.432031676515098,
    "f1_score": 0.5399712781235041
}