{
    "log_loss": 0.6787505250560979,
    "f1_score": 0.5399712781235041
}